,name,year,month,day,hour,minute,library,index,conc,RIN,set,lineGC,sublineGC,coditionGC,cycle
W201113-1_001,W201113-1-1,2011,7,5,12,1,W201113-1,1,33.8,NA,weekly,NA,NA,NA,1
W201113-1_002,W201113-1-2,2011,7,5,12,1,W201113-1,2,78.8,NA,weekly,NA,NA,NA,1
W201113-1_003,W201113-1-3,2011,7,5,12,1,W201113-1,3,21,NA,weekly,NA,NA,NA,1
W201113-1_004,W201113-1-4,2011,7,5,12,1,W201113-1,4,46.2,NA,weekly,NA,NA,NA,1
W201113-1_005,W201113-1-5,2011,7,5,12,1,W201113-1,5,15.24,NA,weekly,NA,NA,NA,1
W201113-1_006,W201113-1-6,2011,7,12,12,1,W201113-1,6,33,NA,weekly,NA,NA,NA,1
W201113-1_007,W201113-1-7,2011,7,12,12,1,W201113-1,7,31.2,NA,weekly,NA,NA,NA,1
W201113-1_008,W201113-1-8,2011,7,12,12,1,W201113-1,8,22.6,NA,weekly,NA,NA,NA,1
W201113-1_009,W201113-1-9,2011,7,12,12,1,W201113-1,9,13.2,NA,weekly,NA,NA,NA,1
W201113-1_010,W201113-1-10,2011,7,12,12,1,W201113-1,10,19.74,NA,weekly,NA,NA,NA,1
W201113-1_011,W201113-1-11,2011,7,19,12,1,W201113-1,11,22.2,NA,weekly,NA,NA,NA,1
W201113-1_012,W201113-1-12,2011,7,19,12,1,W201113-1,12,27.2,NA,weekly,NA,NA,NA,1
W201113-1_013,W201113-1-13,2011,7,19,12,1,W201113-1,13,5.92,NA,weekly,NA,NA,NA,1
W201113-1_014,W201113-1-14,2011,7,19,12,1,W201113-1,14,52.8,NA,weekly,NA,NA,NA,1
W201113-1_015,W201113-1-15,2011,7,19,12,1,W201113-1,15,5.52,NA,weekly,NA,NA,NA,1
W201113-1_016,W201113-1-16,2011,8,2,12,1,W201113-1,16,12.66,NA,weekly,NA,NA,NA,1
W201113-1_017,W201113-1-17,2011,8,2,12,1,W201113-1,17,10.06,NA,weekly,NA,NA,NA,1
W201113-1_018,W201113-1-18,2011,8,2,12,1,W201113-1,18,60.8,NA,weekly,NA,NA,NA,1
W201113-1_019,W201113-1-19,2011,9,20,12,1,W201113-1,19,8.72,NA,weekly,NA,NA,NA,1
W201113-1_020,W201113-1-20,2011,9,20,12,1,W201113-1,20,19.64,NA,weekly,NA,NA,NA,1
W201113-1_021,W201113-1-21,2011,9,20,12,1,W201113-1,21,26.8,NA,weekly,NA,NA,NA,1
W201113-1_022,W201113-1-22,2011,9,20,12,1,W201113-1,22,11.16,NA,weekly,NA,NA,NA,1
W201113-1_023,W201113-1-23,2011,9,20,12,1,W201113-1,23,8.64,NA,weekly,NA,NA,NA,1
W201113-1_024,W201113-1-24,2011,9,20,12,1,W201113-1,24,24.2,NA,weekly,NA,NA,NA,1
W201113-1_025,W201113-1-25,2011,9,29,12,1,W201113-1,25,19.2,NA,weekly,NA,NA,NA,1
W201113-1_026,W201113-1-26,2011,9,29,12,1,W201113-1,26,49.6,NA,weekly,NA,NA,NA,1
W201113-1_027,W201113-1-27,2011,9,29,12,1,W201113-1,27,6.48,NA,weekly,NA,NA,NA,1
W201113-1_028,W201113-1-28,2011,9,29,12,1,W201113-1,28,16.52,NA,weekly,NA,NA,NA,1
W201113-1_029,W201113-1-29,2011,9,29,12,1,W201113-1,29,6.02,NA,weekly,NA,NA,NA,1
W201113-1_030,W201113-1-30,2011,9,29,12,1,W201113-1,30,69.4,NA,weekly,NA,NA,NA,1
W201113-1_031,W201113-1-31,2011,10,5,12,1,W201113-1,31,11.62,NA,weekly,NA,NA,NA,1
W201113-1_032,W201113-1-32,2011,10,5,12,1,W201113-1,32,22.8,NA,weekly,NA,NA,NA,1
W201113-1_033,W201113-1-33,2011,10,5,12,1,W201113-1,33,19.36,NA,weekly,NA,NA,NA,1
W201113-1_034,W201113-1-34,2011,10,5,12,1,W201113-1,34,5.46,NA,weekly,NA,NA,NA,1
W201113-1_036,W201113-1-36,2011,10,12,12,1,W201113-1,36,9.94,NA,weekly,NA,NA,NA,1
W201113-1_037,W201113-1-37,2011,10,12,12,1,W201113-1,37,10.74,NA,weekly,NA,NA,NA,1
W201113-1_038,W201113-1-38,2011,10,12,12,1,W201113-1,38,9.86,NA,weekly,NA,NA,NA,1
W201113-1_039,W201113-1-39,2011,10,12,12,1,W201113-1,39,10.42,NA,weekly,NA,NA,NA,1
W201113-1_040,W201113-1-40,2011,10,12,12,1,W201113-1,40,66.4,NA,weekly,NA,NA,NA,1
W201113-1_041,W201113-1-41,2011,10,18,12,1,W201113-1,41,59.8,NA,weekly,NA,NA,NA,1
W201113-1_042,W201113-1-42,2011,10,18,12,1,W201113-1,42,10.38,NA,weekly,NA,NA,NA,1
W201113-1_043,W201113-1-43,2011,10,18,12,1,W201113-1,43,7.46,NA,weekly,NA,NA,NA,1
W201113-1_044,W201113-1-44,2011,10,18,12,1,W201113-1,44,24,NA,weekly,NA,NA,NA,1
W201113-1_045,W201113-1-45,2011,10,18,12,1,W201113-1,45,21.8,NA,weekly,NA,NA,NA,1
W201113-1_046,W201113-1-46,2011,10,25,12,1,W201113-1,46,8.42,NA,weekly,NA,NA,NA,1
W201113-1_047,W201113-1-47,2011,10,25,12,1,W201113-1,47,5.14,NA,weekly,NA,NA,NA,1
W201113-1_048,W201113-1-48,2011,10,25,12,1,W201113-1,48,19.56,NA,weekly,NA,NA,NA,1
W201113-1_049,W201113-1-49,2011,10,25,12,1,W201113-1,49,17.08,NA,weekly,NA,NA,NA,1
W201113-1_050,W201113-1-50,2011,10,25,12,1,W201113-1,50,5.52,NA,weekly,NA,NA,NA,1
W201113-1_051,W201113-1-51,2011,10,25,12,1,W201113-1,51,54.8,NA,weekly,NA,NA,NA,1
W201113-1_052,W201113-1-52,2011,11,1,12,1,W201113-1,52,8.02,NA,weekly,NA,NA,NA,1
W201113-1_053,W201113-1-53,2011,11,1,12,1,W201113-1,53,83,NA,weekly,NA,NA,NA,1
W201113-1_054,W201113-1-54,2011,11,1,12,1,W201113-1,54,32.4,NA,weekly,NA,NA,NA,1
W201113-1_055,W201113-1-55,2011,11,1,12,1,W201113-1,55,7.94,NA,weekly,NA,NA,NA,1
W201113-1_056,W201113-1-56,2011,11,8,12,1,W201113-1,56,4.4,NA,weekly,NA,NA,NA,1
W201113-1_057,W201113-1-57,2011,11,8,12,1,W201113-1,57,38.6,NA,weekly,NA,NA,NA,1
W201113-1_058,W201113-1-58,2011,11,8,12,1,W201113-1,58,16.38,NA,weekly,NA,NA,NA,1
W201113-1_059,W201113-1-59,2011,11,8,12,1,W201113-1,59,8.5,NA,weekly,NA,NA,NA,1
W201113-1_060,W201113-1-60,2011,11,8,12,1,W201113-1,60,9.32,NA,weekly,NA,NA,NA,1
W201113-1_061,W201113-1-61,2011,11,15,12,1,W201113-1,61,11.78,NA,weekly,NA,NA,NA,1
W201113-1_063,W201113-1-63,2011,11,15,12,1,W201113-1,63,8.98,NA,weekly,NA,NA,NA,1
W201113-1_064,W201113-1-64,2011,11,15,12,1,W201113-1,64,16.94,NA,weekly,NA,NA,NA,1
W201113-1_065,W201113-1-65,2011,11,15,12,1,W201113-1,65,8.4,NA,weekly,NA,NA,NA,1
W201113-1_066,W201113-1-66,2011,11,15,12,1,W201113-1,66,39.4,NA,weekly,NA,NA,NA,1
W201113-1_067,W201113-1-67,2011,11,22,12,1,W201113-1,67,7.64,NA,weekly,NA,NA,NA,1
W201113-1_068,W201113-1-68,2011,11,22,12,1,W201113-1,68,7.94,NA,weekly,NA,NA,NA,1
W201113-1_069,W201113-1-69,2011,11,22,12,1,W201113-1,69,39,NA,weekly,NA,NA,NA,1
W201113-1_070,W201113-1-70,2011,11,22,12,1,W201113-1,70,37.6,NA,weekly,NA,NA,NA,1
W201113-1_071,W201113-1-71,2011,11,29,12,1,W201113-1,71,5.84,NA,weekly,NA,NA,NA,1
W201113-1_072,W201113-1-72,2011,11,29,12,1,W201113-1,72,17.96,NA,weekly,NA,NA,NA,1
W201113-1_073,W201113-1-73,2011,11,29,12,1,W201113-1,73,25.4,NA,weekly,NA,NA,NA,1
W201113-1_074,W201113-1-74,2011,11,29,12,1,W201113-1,74,15.5,NA,weekly,NA,NA,NA,1
W201113-1_075,W201113-1-75,2011,12,13,12,1,W201113-1,75,23.4,NA,weekly,NA,NA,NA,1
W201113-1_076,W201113-1-76,2011,12,13,12,1,W201113-1,76,4,NA,weekly,NA,NA,NA,1
W201113-1_077,W201113-1-77,2011,12,13,12,1,W201113-1,77,38.6,NA,weekly,NA,NA,NA,1
W201113-1_078,W201113-1-78,2011,12,13,12,1,W201113-1,78,6.28,NA,weekly,NA,NA,NA,1
W201113-1_079,W201113-1-79,2011,12,13,12,1,W201113-1,79,15.4,NA,weekly,NA,NA,NA,1
W201113-1_080,W201113-1-80,2011,12,20,12,1,W201113-1,80,12.26,NA,weekly,NA,NA,NA,1
W201113-2_001,W201113-2-1,2011,12,20,12,1,W201113-2,1,4.6,NA,weekly,NA,NA,NA,1
W201113-2_002,W201113-2-2,2011,12,20,12,1,W201113-2,2,17.36,NA,weekly,NA,NA,NA,1
W201113-2_004,W201113-2-4,2011,12,27,12,1,W201113-2,4,8.04,NA,weekly,NA,NA,NA,1
W201113-2_005,W201113-2-5,2011,12,27,12,1,W201113-2,5,14.08,NA,weekly,NA,NA,NA,1
W201113-2_006,W201113-2-6,2011,12,27,12,1,W201113-2,6,108,NA,weekly,NA,NA,NA,1
W201113-2_007,W201113-2-7,2011,12,27,12,1,W201113-2,7,4.6,NA,weekly,NA,NA,NA,1
W201113-2_008,W201113-2-8,2011,12,27,12,1,W201113-2,8,54.2,NA,weekly,NA,NA,NA,1
W2012-1_001,W2012-1-1,2012,1,10,12,1,W2012-1,1,6.48,NA,weekly,NA,NA,NA,1
W2012-1_002,W2012-1-2,2012,1,10,12,1,W2012-1,2,5.36,NA,weekly,NA,NA,NA,1
W2012-1_003,W2012-1-3,2012,1,10,12,1,W2012-1,3,13.6,NA,weekly,NA,NA,NA,1
W2012-1_004,W2012-1-4,2012,1,10,12,1,W2012-1,4,10.64,NA,weekly,NA,NA,NA,1
W2012-1_005,W2012-1-5,2012,1,10,12,1,W2012-1,5,16.02,NA,weekly,NA,NA,NA,1
W2012-1_006,W2012-1-6,2012,1,17,12,1,W2012-1,6,18.52,NA,weekly,NA,NA,NA,1
W2012-1_008,W2012-1-8,2012,1,17,12,1,W2012-1,8,21.8,NA,weekly,NA,NA,NA,1
W2012-1_009,W2012-1-9,2012,1,17,12,1,W2012-1,9,14.96,NA,weekly,NA,NA,NA,1
W2012-1_010,W2012-1-10,2012,1,24,12,1,W2012-1,10,11.26,NA,weekly,NA,NA,NA,1
W2012-1_011,W2012-1-11,2012,1,24,12,1,W2012-1,11,13.24,NA,weekly,NA,NA,NA,1
W2012-1_012,W2012-1-12,2012,1,24,12,1,W2012-1,12,16.9,NA,weekly,NA,NA,NA,1
W2012-1_013,W2012-1-13,2012,1,24,12,1,W2012-1,13,23.6,NA,weekly,NA,NA,NA,1
W2012-1_014,W2012-1-14,2012,1,24,12,1,W2012-1,14,6.96,NA,weekly,NA,NA,NA,1
W2012-1_015,W2012-1-15,2012,1,24,12,1,W2012-1,15,9.92,NA,weekly,NA,NA,NA,1
W2012-1_016,W2012-1-16,2012,1,31,12,1,W2012-1,16,8.16,NA,weekly,NA,NA,NA,1
W2012-1_017,W2012-1-17,2012,1,31,12,1,W2012-1,17,9.5,NA,weekly,NA,NA,NA,1
W2012-1_018,W2012-1-18,2012,1,31,12,1,W2012-1,18,31,NA,weekly,NA,NA,NA,1
W2012-1_019,W2012-1-19,2012,1,31,12,1,W2012-1,19,58.2,NA,weekly,NA,NA,NA,1
W2012-1_020,W2012-1-20,2012,1,31,12,1,W2012-1,20,15.64,NA,weekly,NA,NA,NA,1
W2012-1_021,W2012-1-21,2012,1,31,12,1,W2012-1,21,54.4,NA,weekly,NA,NA,NA,1
W2012-1_022,W2012-1-22,2012,2,7,12,1,W2012-1,22,15.54,NA,weekly,NA,NA,NA,1
W2012-1_023,W2012-1-23,2012,2,7,12,1,W2012-1,23,17.58,NA,weekly,NA,NA,NA,1
W2012-1_024,W2012-1-24,2012,2,7,12,1,W2012-1,24,23.8,NA,weekly,NA,NA,NA,1
W2012-1_025,W2012-1-25,2012,2,7,12,1,W2012-1,25,53,NA,weekly,NA,NA,NA,1
W2012-1_026,W2012-1-26,2012,2,7,12,1,W2012-1,26,6.78,NA,weekly,NA,NA,NA,1
W2012-1_027,W2012-1-27,2012,2,7,12,1,W2012-1,27,4,NA,weekly,NA,NA,NA,1
W2012-1_028,W2012-1-28,2012,2,15,12,1,W2012-1,28,8.66,NA,weekly,NA,NA,NA,1
W2012-1_029,W2012-1-29,2012,2,15,12,1,W2012-1,29,28.4,NA,weekly,NA,NA,NA,1
W2012-1_030,W2012-1-30,2012,2,15,12,1,W2012-1,30,5.12,NA,weekly,NA,NA,NA,1
W2012-1_031,W2012-1-31,2012,2,15,12,1,W2012-1,31,68.6,NA,weekly,NA,NA,NA,1
W2012-1_032,W2012-1-32,2012,2,15,12,1,W2012-1,32,25.8,NA,weekly,NA,NA,NA,1
W2012-1_033,W2012-1-33,2012,2,15,12,1,W2012-1,33,11.36,NA,weekly,NA,NA,NA,1
W2012-1_034,W2012-1-34,2012,2,21,12,1,W2012-1,34,6.68,NA,weekly,NA,NA,NA,1
W2012-1_035,W2012-1-35,2012,2,21,12,1,W2012-1,35,9.36,NA,weekly,NA,NA,NA,1
W2012-1_036,W2012-1-36,2012,2,21,12,1,W2012-1,36,31,NA,weekly,NA,NA,NA,1
W2012-1_037,W2012-1-37,2012,2,21,12,1,W2012-1,37,5.26,NA,weekly,NA,NA,NA,1
W2012-1_039,W2012-1-39,2012,2,21,12,1,W2012-1,39,18.36,NA,weekly,NA,NA,NA,1
W2012-1_040,W2012-1-40,2012,2,28,12,1,W2012-1,40,28.6,NA,weekly,NA,NA,NA,1
W2012-1_041,W2012-1-41,2012,2,28,12,1,W2012-1,41,114,NA,weekly,NA,NA,NA,1
W2012-1_042,W2012-1-42,2012,2,28,12,1,W2012-1,42,25,NA,weekly,NA,NA,NA,1
W2012-1_043,W2012-1-43,2012,2,28,12,1,W2012-1,43,76.2,NA,weekly,NA,NA,NA,1
W2012-1_044,W2012-1-44,2012,2,28,12,1,W2012-1,44,5.68,NA,weekly,NA,NA,NA,1
W2012-1_045,W2012-1-45,2012,2,28,12,1,W2012-1,45,16.42,NA,weekly,NA,NA,NA,1
W2012-1_046,W2012-1-46,2012,3,6,12,1,W2012-1,46,6.52,NA,weekly,NA,NA,NA,1
W2012-1_047,W2012-1-47,2012,3,6,12,1,W2012-1,47,18.5,NA,weekly,NA,NA,NA,1
W2012-1_048,W2012-1-48,2012,3,6,12,1,W2012-1,48,20.2,NA,weekly,NA,NA,NA,1
W2012-1_049,W2012-1-49,2012,3,6,12,1,W2012-1,49,27.8,NA,weekly,NA,NA,NA,1
W2012-1_050,W2012-1-50,2012,3,6,12,1,W2012-1,50,6.02,NA,weekly,NA,NA,NA,1
W2012-1_051,W2012-1-51,2012,3,6,12,1,W2012-1,51,44.2,NA,weekly,NA,NA,NA,1
W2012-1_052,W2012-1-52,2012,3,21,12,1,W2012-1,52,62.2,NA,weekly,NA,NA,NA,1
W2012-1_053,W2012-1-53,2012,3,21,12,1,W2012-1,53,14.48,NA,weekly,NA,NA,NA,1
W2012-1_054,W2012-1-54,2012,3,21,12,1,W2012-1,54,89.6,NA,weekly,NA,NA,NA,1
W2012-1_055,W2012-1-55,2012,3,21,12,1,W2012-1,55,30,NA,weekly,NA,NA,NA,1
W2012-1_056,W2012-1-56,2012,3,21,12,1,W2012-1,56,64.6,NA,weekly,NA,NA,NA,1
W2012-1_057,W2012-1-57,2012,3,21,12,1,W2012-1,57,67,NA,weekly,NA,NA,NA,1
W2012-1_058,W2012-1-58,2012,3,27,12,1,W2012-1,58,33.4,NA,weekly,NA,NA,NA,1
W2012-1_059,W2012-1-59,2012,3,27,12,1,W2012-1,59,22,NA,weekly,NA,NA,NA,1
W2012-1_061,W2012-1-61,2012,3,27,12,1,W2012-1,61,86.4,NA,weekly,NA,NA,NA,1
W2012-1_062,W2012-1-62,2012,3,27,12,1,W2012-1,62,20.2,NA,weekly,NA,NA,NA,1
W2012-1_063,W2012-1-63,2012,3,27,12,1,W2012-1,63,44.6,NA,weekly,NA,NA,NA,1
W2012-1_064,W2012-1-64,2012,4,10,12,1,W2012-1,64,34.8,NA,weekly,NA,NA,NA,1
W2012-1_065,W2012-1-65,2012,4,10,12,1,W2012-1,65,29.4,NA,weekly,NA,NA,NA,1
W2012-1_066,W2012-1-66,2012,4,10,12,1,W2012-1,66,20.6,NA,weekly,NA,NA,NA,1
W2012-1_067,W2012-1-67,2012,4,10,12,1,W2012-1,67,41.8,NA,weekly,NA,NA,NA,1
W2012-1_068,W2012-1-68,2012,4,10,12,1,W2012-1,68,6.3,NA,weekly,NA,NA,NA,1
W2012-1_069,W2012-1-69,2012,4,10,12,1,W2012-1,69,16.3,NA,weekly,NA,NA,NA,1
W2012-1_070,W2012-1-70,2012,4,17,12,1,W2012-1,70,35,NA,weekly,NA,NA,NA,1
W2012-1_071,W2012-1-71,2012,4,17,12,1,W2012-1,71,56,NA,weekly,NA,NA,NA,1
W2012-1_072,W2012-1-72,2012,4,17,12,1,W2012-1,72,124,NA,weekly,NA,NA,NA,1
W2012-1_073,W2012-1-73,2012,4,17,12,1,W2012-1,73,150,NA,weekly,NA,NA,NA,1
W2012-1_074,W2012-1-74,2012,4,17,12,1,W2012-1,74,22.6,NA,weekly,NA,NA,NA,1
W2012-1_075,W2012-1-75,2012,4,17,12,1,W2012-1,75,17.14,NA,weekly,NA,NA,NA,1
W2012-1_076,W2012-1-76,2012,4,24,12,1,W2012-1,76,69,NA,weekly,NA,NA,NA,1
W2012-1_077,W2012-1-77,2012,4,24,12,1,W2012-1,77,28.6,NA,weekly,NA,NA,NA,1
W2012-1_078,W2012-1-78,2012,4,24,12,1,W2012-1,78,53.2,NA,weekly,NA,NA,NA,1
W2012-1_079,W2012-1-79,2012,4,24,12,1,W2012-1,79,22,NA,weekly,NA,NA,NA,1
W2012-1_080,W2012-1-80,2012,4,24,12,1,W2012-1,80,6.74,NA,weekly,NA,NA,NA,1
W2012-1_081,W2012-1-81,2012,4,24,12,1,W2012-1,81,17.2,NA,weekly,NA,NA,NA,1
W2012-1_082,W2012-1-82,2012,5,1,12,1,W2012-1,82,15.84,NA,weekly,NA,NA,NA,1
W2012-1_083,W2012-1-83,2012,5,1,12,1,W2012-1,83,13.44,NA,weekly,NA,NA,NA,1
W2012-1_084,W2012-1-84,2012,5,1,12,1,W2012-1,84,38,NA,weekly,NA,NA,NA,1
W2012-2_085,W2012-2-85,2012,5,1,12,1,W2012-2,85,28.8,NA,weekly,NA,NA,NA,1
W2012-2_086,W2012-2-86,2012,5,1,12,1,W2012-2,86,7.22,NA,weekly,NA,NA,NA,1
W2012-2_087,W2012-2-87,2012,5,1,12,1,W2012-2,87,26.2,NA,weekly,NA,NA,NA,1
W2012-2_088,W2012-2-88,2012,5,8,12,1,W2012-2,88,7.18,NA,weekly,NA,NA,NA,1
W2012-2_001,W2012-2-1,2012,5,8,12,1,W2012-2,1,5.66,NA,weekly,NA,NA,NA,1
W2012-2_002,W2012-2-2,2012,5,8,12,1,W2012-2,2,56,NA,weekly,NA,NA,NA,1
W2012-2_003,W2012-2-3,2012,5,8,12,1,W2012-2,3,4.6,NA,weekly,NA,NA,NA,1
W2012-2_004,W2012-2-4,2012,5,8,12,1,W2012-2,4,5.78,NA,weekly,NA,NA,NA,1
W2012-2_005,W2012-2-5,2012,5,8,12,1,W2012-2,5,8.66,NA,weekly,NA,NA,NA,1
W2012-2_006,W2012-2-6,2012,5,15,12,1,W2012-2,6,8.1,NA,weekly,NA,NA,NA,1
W2012-2_007,W2012-2-7,2012,5,15,12,1,W2012-2,7,9.48,NA,weekly,NA,NA,NA,1
W2012-2_008,W2012-2-8,2012,5,15,12,1,W2012-2,8,154,NA,weekly,NA,NA,NA,1
W2012-2_009,W2012-2-9,2012,5,15,12,1,W2012-2,9,4.2,NA,weekly,NA,NA,NA,1
W2012-2_010,W2012-2-10,2012,5,15,12,1,W2012-2,10,4,NA,weekly,NA,NA,NA,1
W2012-2_011,W2012-2-11,2012,5,22,12,1,W2012-2,11,30.8,NA,weekly,NA,NA,NA,1
W2012-2_012,W2012-2-12,2012,5,22,12,1,W2012-2,12,12.26,NA,weekly,NA,NA,NA,1
W2012-2_013,W2012-2-13,2012,5,22,12,1,W2012-2,13,15.44,NA,weekly,NA,NA,NA,1
W2012-2_014,W2012-2-14,2012,5,22,12,1,W2012-2,14,28.6,NA,weekly,NA,NA,NA,1
W2012-2_015,W2012-2-15,2012,5,22,12,1,W2012-2,15,4.6,NA,weekly,NA,NA,NA,1
W2012-2_016,W2012-2-16,2012,5,29,12,1,W2012-2,16,14.94,NA,weekly,NA,NA,NA,1
W2012-2_017,W2012-2-17,2012,5,29,12,1,W2012-2,17,5.14,NA,weekly,NA,NA,NA,1
W2012-2_018,W2012-2-18,2012,5,29,12,1,W2012-2,18,14.22,NA,weekly,NA,NA,NA,1
W2012-2_019,W2012-2-19,2012,5,29,12,1,W2012-2,19,11.04,NA,weekly,NA,NA,NA,1
W2012-2_020,W2012-2-20,2012,6,5,12,1,W2012-2,20,7.46,NA,weekly,NA,NA,NA,1
W2012-2_021,W2012-2-21,2012,6,5,12,1,W2012-2,21,5.14,NA,weekly,NA,NA,NA,1
W2012-2_022,W2012-2-22,2012,6,5,12,1,W2012-2,22,4.8,NA,weekly,NA,NA,NA,1
W2012-2_023,W2012-2-23,2012,6,5,12,1,W2012-2,23,35.6,NA,weekly,NA,NA,NA,1
W2012-2_024,W2012-2-24,2012,6,5,12,1,W2012-2,24,4.4,NA,weekly,NA,NA,NA,1
W2012-2_025,W2012-2-25,2012,6,5,12,1,W2012-2,25,4.4,NA,weekly,NA,NA,NA,1
W2012-2_026,W2012-2-26,2012,6,14,12,1,W2012-2,26,9.22,NA,weekly,NA,NA,NA,1
W2012-2_027,W2012-2-27,2012,6,14,12,1,W2012-2,27,13.52,NA,weekly,NA,NA,NA,1
W2012-2_028,W2012-2-28,2012,6,14,12,1,W2012-2,28,5.6,NA,weekly,NA,NA,NA,1
W2012-2_029,W2012-2-29,2012,6,14,12,1,W2012-2,29,8.6,NA,weekly,NA,NA,NA,1
W2012-2_030,W2012-2-30,2012,6,26,12,1,W2012-2,30,25,NA,weekly,NA,NA,NA,1
W2012-2_031,W2012-2-31,2012,6,26,12,1,W2012-2,31,4.8,NA,weekly,NA,NA,NA,1
W2012-2_032,W2012-2-32,2012,6,26,12,1,W2012-2,32,4.8,NA,weekly,NA,NA,NA,1
W2012-2_034,W2012-2-34,2012,6,26,12,1,W2012-2,34,11.92,NA,weekly,NA,NA,NA,1
W2012-2_035,W2012-2-35,2012,7,3,12,1,W2012-2,35,25.2,NA,weekly,NA,NA,NA,2
W2012-2_036,W2012-2-36,2012,7,3,12,1,W2012-2,36,12.74,NA,weekly,NA,NA,NA,2
W2012-2_040,W2012-2-40,2012,7,3,12,1,W2012-2,40,27.6,NA,weekly,NA,NA,NA,2
W2012-2_041,W2012-2-41,2012,7,10,12,1,W2012-2,41,12.06,NA,weekly,NA,NA,NA,2
W2012-2_042,W2012-2-42,2012,7,10,12,1,W2012-2,42,11.54,NA,weekly,NA,NA,NA,2
W2012-2_043,W2012-2-43,2012,7,10,12,1,W2012-2,43,11.88,NA,weekly,NA,NA,NA,2
W2012-2_044,W2012-2-44,2012,7,10,12,1,W2012-2,44,22.4,NA,weekly,NA,NA,NA,2
W2012-2_045,W2012-2-45,2012,7,10,12,1,W2012-2,45,12.3,NA,weekly,NA,NA,NA,2
W2012-2_046,W2012-2-46,2012,7,10,12,1,W2012-2,46,17.98,NA,weekly,NA,NA,NA,2
W2012-2_047,W2012-2-47,2012,7,17,12,1,W2012-2,47,39.2,NA,weekly,NA,NA,NA,2
W2012-2_048,W2012-2-48,2012,7,17,12,1,W2012-2,48,8.82,NA,weekly,NA,NA,NA,2
W2012-2_049,W2012-2-49,2012,7,17,12,1,W2012-2,49,4.6,NA,weekly,NA,NA,NA,2
W2012-2_050,W2012-2-50,2012,7,17,12,1,W2012-2,50,14.5,NA,weekly,NA,NA,NA,2
W2012-2_051,W2012-2-51,2012,7,17,12,1,W2012-2,51,31.2,NA,weekly,NA,NA,NA,2
W2012-2_052,W2012-2-52,2012,7,24,12,1,W2012-2,52,6.86,NA,weekly,NA,NA,NA,2
W2012-2_053,W2012-2-53,2012,7,24,12,1,W2012-2,53,21.6,NA,weekly,NA,NA,NA,2
W2012-2_054,W2012-2-54,2012,7,24,12,1,W2012-2,54,5.22,NA,weekly,NA,NA,NA,2
W2012-2_055,W2012-2-55,2012,7,24,12,1,W2012-2,55,14.34,NA,weekly,NA,NA,NA,2
W2012-2_056,W2012-2-56,2012,7,24,12,1,W2012-2,56,52.8,NA,weekly,NA,NA,NA,2
W2012-2_057,W2012-2-57,2012,7,31,12,1,W2012-2,57,29.6,NA,weekly,NA,NA,NA,2
W2012-2_058,W2012-2-58,2012,7,31,12,1,W2012-2,58,17.12,NA,weekly,NA,NA,NA,2
W2012-2_059,W2012-2-59,2012,7,31,12,1,W2012-2,59,6.62,NA,weekly,NA,NA,NA,2
W2012-2_060,W2012-2-60,2012,7,31,12,1,W2012-2,60,7,NA,weekly,NA,NA,NA,2
W2012-2_061,W2012-2-61,2012,7,31,12,1,W2012-2,61,74.6,NA,weekly,NA,NA,NA,2
W2012-2_062,W2012-2-62,2012,8,7,12,1,W2012-2,62,11.64,NA,weekly,NA,NA,NA,2
W2012-2_063,W2012-2-63,2012,8,7,12,1,W2012-2,63,44.8,NA,weekly,NA,NA,NA,2
W2012-2_064,W2012-2-64,2012,8,7,12,1,W2012-2,64,12.7,NA,weekly,NA,NA,NA,2
W2012-2_065,W2012-2-65,2012,8,7,12,1,W2012-2,65,4.6,NA,weekly,NA,NA,NA,2
W2012-2_066,W2012-2-66,2012,8,7,12,1,W2012-2,66,6.34,NA,weekly,NA,NA,NA,2
W2012-2_067,W2012-2-67,2012,8,7,12,1,W2012-2,67,51.4,NA,weekly,NA,NA,NA,2
W2012-2_068,W2012-2-68,2012,8,15,12,1,W2012-2,68,17.1,NA,weekly,NA,NA,NA,2
W2012-2_069,W2012-2-69,2012,8,15,12,1,W2012-2,69,59.2,NA,weekly,NA,NA,NA,2
W2012-2_070,W2012-2-70,2012,8,15,12,1,W2012-2,70,13.54,NA,weekly,NA,NA,NA,2
W2012-2_071,W2012-2-71,2012,8,15,12,1,W2012-2,71,37.4,NA,weekly,NA,NA,NA,2
W2012-2_072,W2012-2-72,2012,8,15,12,1,W2012-2,72,7.82,NA,weekly,NA,NA,NA,2
W2012-2_073,W2012-2-73,2012,8,15,12,1,W2012-2,73,44,NA,weekly,NA,NA,NA,2
W2012-2_074,W2012-2-74,2012,8,28,12,1,W2012-2,74,29.4,NA,weekly,NA,NA,NA,2
W2012-2_075,W2012-2-75,2012,8,28,12,1,W2012-2,75,67.8,NA,weekly,NA,NA,NA,2
W2012-2_076,W2012-2-76,2012,8,28,12,1,W2012-2,76,18.9,NA,weekly,NA,NA,NA,2
W2012-2_077,W2012-2-77,2012,8,28,12,1,W2012-2,77,28.8,NA,weekly,NA,NA,NA,2
W2012-2_078,W2012-2-78,2012,9,4,12,1,W2012-2,78,35.8,NA,weekly,NA,NA,NA,2
W2012-2_079,W2012-2-79,2012,9,4,12,1,W2012-2,79,31.2,NA,weekly,NA,NA,NA,2
W2012-2_080,W2012-2-80,2012,9,4,12,1,W2012-2,80,18.92,NA,weekly,NA,NA,NA,2
W2012-3_001,W2012-3-1,2012,9,4,12,1,W2012-3,1,91.2,NA,weekly,NA,NA,NA,2
W2012-3_002,W2012-3-2,2012,9,11,12,1,W2012-3,2,41.6,NA,weekly,NA,NA,NA,2
W2012-3_003,W2012-3-3,2012,9,11,12,1,W2012-3,3,15.78,NA,weekly,NA,NA,NA,2
W2012-3_004,W2012-3-4,2012,9,11,12,1,W2012-3,4,14.9,NA,weekly,NA,NA,NA,2
W2012-3_005,W2012-3-5,2012,9,11,12,1,W2012-3,5,51.4,NA,weekly,NA,NA,NA,2
W2012-3_006,W2012-3-6,2012,9,11,12,1,W2012-3,6,23.2,NA,weekly,NA,NA,NA,2
W2012-3_007,W2012-3-7,2012,9,11,12,1,W2012-3,7,85.6,NA,weekly,NA,NA,NA,2
W2012-3_008,W2012-3-8,2012,9,18,12,1,W2012-3,8,42,NA,weekly,NA,NA,NA,2
W2012-3_009,W2012-3-9,2012,9,18,12,1,W2012-3,9,17.86,NA,weekly,NA,NA,NA,2
W2012-3_010,W2012-3-10,2012,9,18,12,1,W2012-3,10,24.4,NA,weekly,NA,NA,NA,2
W2012-3_011,W2012-3-11,2012,9,18,12,1,W2012-3,11,44,NA,weekly,NA,NA,NA,2
W2012-3_013,W2012-3-13,2012,9,18,12,1,W2012-3,13,28,NA,weekly,NA,NA,NA,2
W2012-3_014,W2012-3-14,2012,9,25,12,1,W2012-3,14,148,NA,weekly,NA,NA,NA,2
W2012-3_015,W2012-3-15,2012,9,25,12,1,W2012-3,15,95.6,NA,weekly,NA,NA,NA,2
W2012-3_016,W2012-3-16,2012,9,25,12,1,W2012-3,16,68.8,NA,weekly,NA,NA,NA,2
W2012-3_017,W2012-3-17,2012,9,25,12,1,W2012-3,17,134,NA,weekly,NA,NA,NA,2
W2012-3_018,W2012-3-18,2012,9,25,12,1,W2012-3,18,52,NA,weekly,NA,NA,NA,2
W2012-3_019,W2012-3-19,2012,9,25,12,1,W2012-3,19,560,NA,weekly,NA,NA,NA,2
W2012-3_020,W2012-3-20,2012,10,4,12,1,W2012-3,20,540,NA,weekly,NA,NA,NA,2
W2012-3_021,W2012-3-21,2012,10,4,12,1,W2012-3,21,108,NA,weekly,NA,NA,NA,2
W2012-3_022,W2012-3-22,2012,10,4,12,1,W2012-3,22,104,NA,weekly,NA,NA,NA,2
W2012-3_023,W2012-3-23,2012,10,4,12,1,W2012-3,23,184,NA,weekly,NA,NA,NA,2
W2012-3_024,W2012-3-24,2012,10,4,12,1,W2012-3,24,194,NA,weekly,NA,NA,NA,2
W2012-3_025,W2012-3-25,2012,10,4,12,1,W2012-3,25,152,NA,weekly,NA,NA,NA,2
W2012-3_026,W2012-3-26,2012,10,23,12,1,W2012-3,26,99,NA,weekly,NA,NA,NA,2
W2012-3_028,W2012-3-28,2012,10,23,12,1,W2012-3,28,87,NA,weekly,NA,NA,NA,2
W2012-3_029,W2012-3-29,2012,10,23,12,1,W2012-3,29,33.4,NA,weekly,NA,NA,NA,2
W2012-3_030,W2012-3-30,2012,10,23,12,1,W2012-3,30,122,NA,weekly,NA,NA,NA,2
W2012-3_031,W2012-3-31,2012,10,30,12,1,W2012-3,31,152,NA,weekly,NA,NA,NA,2
W2012-3_032,W2012-3-32,2012,10,30,12,1,W2012-3,32,142,NA,weekly,NA,NA,NA,2
W2012-3_033,W2012-3-33,2012,10,30,12,1,W2012-3,33,74.4,NA,weekly,NA,NA,NA,2
W2012-3_034,W2012-3-34,2012,10,30,12,1,W2012-3,34,14.56,NA,weekly,NA,NA,NA,2
W2012-3_035,W2012-3-35,2012,10,30,12,1,W2012-3,35,80.8,NA,weekly,NA,NA,NA,2
W2012-3_036,W2012-3-36,2012,10,30,12,1,W2012-3,36,222,NA,weekly,NA,NA,NA,2
W2012-3_037,W2012-3-37,2012,11,6,12,1,W2012-3,37,42.2,NA,weekly,NA,NA,NA,2
W2012-3_038,W2012-3-38,2012,11,6,12,1,W2012-3,38,136,NA,weekly,NA,NA,NA,2
W2012-3_039,W2012-3-39,2012,11,6,12,1,W2012-3,39,104,NA,weekly,NA,NA,NA,2
W2012-3_040,W2012-3-40,2012,11,6,12,1,W2012-3,40,99,NA,weekly,NA,NA,NA,2
W2012-3_041,W2012-3-41,2012,11,6,12,1,W2012-3,41,190,NA,weekly,NA,NA,NA,2
W2012-3_042,W2012-3-42,2012,11,6,12,1,W2012-3,42,196,NA,weekly,NA,NA,NA,2
W2012-3_043,W2012-3-43,2012,11,13,12,1,W2012-3,43,158,NA,weekly,NA,NA,NA,2
W2012-3_044,W2012-3-44,2012,11,13,12,1,W2012-3,44,62.4,NA,weekly,NA,NA,NA,2
W2012-3_045,W2012-3-45,2012,11,13,12,1,W2012-3,45,49.8,NA,weekly,NA,NA,NA,2
W2012-3_046,W2012-3-46,2012,11,13,12,1,W2012-3,46,48.4,NA,weekly,NA,NA,NA,2
W2012-3_047,W2012-3-47,2012,11,13,12,1,W2012-3,47,47.4,NA,weekly,NA,NA,NA,2
W2012-3_048,W2012-3-48,2012,11,13,12,1,W2012-3,48,238,NA,weekly,NA,NA,NA,2
W2012-3_049,W2012-3-49,2012,11,21,12,1,W2012-3,49,62.6,NA,weekly,NA,NA,NA,2
W2012-3_051,W2012-3-51,2012,11,21,12,1,W2012-3,51,102,NA,weekly,NA,NA,NA,2
W2012-3_052,W2012-3-52,2012,11,21,12,1,W2012-3,52,154,NA,weekly,NA,NA,NA,2
W2012-3_053,W2012-3-53,2012,11,21,12,1,W2012-3,53,200,NA,weekly,NA,NA,NA,2
W2012-3_054,W2012-3-54,2012,11,21,12,1,W2012-3,54,160,NA,weekly,NA,NA,NA,2
W2012-3_055,W2012-3-55,2012,11,27,12,1,W2012-3,55,144,NA,weekly,NA,NA,NA,2
W2012-3_056,W2012-3-56,2012,11,27,12,1,W2012-3,56,122,NA,weekly,NA,NA,NA,2
W2012-3_057,W2012-3-57,2012,11,27,12,1,W2012-3,57,114,NA,weekly,NA,NA,NA,2
W2012-3_058,W2012-3-58,2012,11,27,12,1,W2012-3,58,116,NA,weekly,NA,NA,NA,2
W2012-3_059,W2012-3-59,2012,11,27,12,1,W2012-3,59,132,NA,weekly,NA,NA,NA,2
W2012-3_060,W2012-3-60,2012,11,27,12,1,W2012-3,60,130,NA,weekly,NA,NA,NA,2
W2012-3_061,W2012-3-61,2012,12,4,12,1,W2012-3,61,120,NA,weekly,NA,NA,NA,2
W2012-3_062,W2012-3-62,2012,12,4,12,1,W2012-3,62,150,NA,weekly,NA,NA,NA,2
W2012-3_063,W2012-3-63,2012,12,4,12,1,W2012-3,63,81,NA,weekly,NA,NA,NA,2
W2012-3_064,W2012-3-64,2012,12,4,12,1,W2012-3,64,142,NA,weekly,NA,NA,NA,2
W2012-3_065,W2012-3-65,2012,12,4,12,1,W2012-3,65,99.2,NA,weekly,NA,NA,NA,2
W2012-3_066,W2012-3-66,2012,12,4,12,1,W2012-3,66,62.4,NA,weekly,NA,NA,NA,2
W2012-3_067,W2012-3-67,2012,12,11,12,1,W2012-3,67,114,NA,weekly,NA,NA,NA,2
W2012-3_068,W2012-3-68,2012,12,11,12,1,W2012-3,68,192.2,NA,weekly,NA,NA,NA,2
W2012-3_069,W2012-3-69,2012,12,11,12,1,W2012-3,69,190,NA,weekly,NA,NA,NA,2
W2012-3_070,W2012-3-70,2012,12,11,12,1,W2012-3,70,244,NA,weekly,NA,NA,NA,2
W2012-3_071,W2012-3-71,2012,12,11,12,1,W2012-3,71,55.4,NA,weekly,NA,NA,NA,2
W2012-3_072,W2012-3-72,2012,12,11,12,1,W2012-3,72,154,NA,weekly,NA,NA,NA,2
W2012-3_073,W2012-3-73,2012,12,18,12,1,W2012-3,73,120,NA,weekly,NA,NA,NA,2
W2012-3_074,W2012-3-74,2012,12,18,12,1,W2012-3,74,89.4,NA,weekly,NA,NA,NA,2
W2012-3_075,W2012-3-75,2012,12,18,12,1,W2012-3,75,140,NA,weekly,NA,NA,NA,2
W2012-3_076,W2012-3-76,2012,12,18,12,1,W2012-3,76,86.4,NA,weekly,NA,NA,NA,2
W2012-3_077,W2012-3-77,2012,12,18,12,1,W2012-3,77,40.6,NA,weekly,NA,NA,NA,2
W2012-3_078,W2012-3-78,2012,12,18,12,1,W2012-3,78,118,NA,weekly,NA,NA,NA,2
W2012-3_079,W2012-3-79,2012,12,25,12,1,W2012-3,79,181.2,NA,weekly,NA,NA,NA,2
W2012-3_080,W2012-3-80,2012,12,25,12,1,W2012-3,80,192.4,NA,weekly,NA,NA,NA,2
W2012-3_081,W2012-3-81,2012,12,25,12,1,W2012-3,81,97.4,NA,weekly,NA,NA,NA,2
W2012-3_082,W2012-3-82,2012,12,25,12,1,W2012-3,82,108,NA,weekly,NA,NA,NA,2
W2012-3_083,W2012-3-83,2012,12,25,12,1,W2012-3,83,85.2,NA,weekly,NA,NA,NA,2
W2012-3_084,W2012-3-84,2012,12,25,12,1,W2012-3,84,146,NA,weekly,NA,NA,NA,2
W201113-2_009,W201113-2-9,2013,1,8,12,1,W201113-2,9,192,NA,weekly,NA,NA,NA,2
W201113-2_010,W201113-2-10,2013,1,8,12,1,W201113-2,10,104,NA,weekly,NA,NA,NA,2
W201113-2_011,W201113-2-11,2013,1,8,12,1,W201113-2,11,180,NA,weekly,NA,NA,NA,2
W201113-2_012,W201113-2-12,2013,1,8,12,1,W201113-2,12,152,NA,weekly,NA,NA,NA,2
W201113-2_013,W201113-2-13,2013,1,8,12,1,W201113-2,13,146,NA,weekly,NA,NA,NA,2
W201113-2_014,W201113-2-14,2013,1,8,12,1,W201113-2,14,136,NA,weekly,NA,NA,NA,2
W201113-2_015,W201113-2-15,2013,1,15,12,1,W201113-2,15,76,NA,weekly,NA,NA,NA,2
W201113-2_016,W201113-2-16,2013,1,15,12,1,W201113-2,16,176,NA,weekly,NA,NA,NA,2
W201113-2_017,W201113-2-17,2013,1,15,12,1,W201113-2,17,79.2,NA,weekly,NA,NA,NA,2
W201113-2_018,W201113-2-18,2013,1,15,12,1,W201113-2,18,122,NA,weekly,NA,NA,NA,2
W201113-2_019,W201113-2-19,2013,1,15,12,1,W201113-2,19,156,NA,weekly,NA,NA,NA,2
W201113-2_020,W201113-2-20,2013,1,15,12,1,W201113-2,20,324,NA,weekly,NA,NA,NA,2
W201113-2_021,W201113-2-21,2013,1,22,12,1,W201113-2,21,184,NA,weekly,NA,NA,NA,2
W201113-2_022,W201113-2-22,2013,1,22,12,1,W201113-2,22,188,NA,weekly,NA,NA,NA,2
W201113-2_023,W201113-2-23,2013,1,22,12,1,W201113-2,23,146,NA,weekly,NA,NA,NA,2
W201113-2_024,W201113-2-24,2013,1,22,12,1,W201113-2,24,81.6,NA,weekly,NA,NA,NA,2
W201113-2_025,W201113-2-25,2013,1,22,12,1,W201113-2,25,22.8,NA,weekly,NA,NA,NA,2
W201113-2_026,W201113-2-26,2013,1,22,12,1,W201113-2,26,212,NA,weekly,NA,NA,NA,2
W201113-2_027,W201113-2-27,2013,1,29,12,1,W201113-2,27,188,NA,weekly,NA,NA,NA,2
W201113-2_028,W201113-2-28,2013,1,29,12,1,W201113-2,28,199.2,NA,weekly,NA,NA,NA,2
W201113-2_029,W201113-2-29,2013,1,29,12,1,W201113-2,29,105.8,NA,weekly,NA,NA,NA,2
W201113-2_030,W201113-2-30,2013,1,29,12,1,W201113-2,30,122,NA,weekly,NA,NA,NA,2
W201113-2_031,W201113-2-31,2013,1,29,12,1,W201113-2,31,152.2,NA,weekly,NA,NA,NA,2
W201113-2_032,W201113-2-32,2013,1,29,12,1,W201113-2,32,356,NA,weekly,NA,NA,NA,2
W201113-2_033,W201113-2-33,2013,2,5,12,1,W201113-2,33,218,NA,weekly,NA,NA,NA,2
W201113-2_034,W201113-2-34,2013,2,5,12,1,W201113-2,34,162,NA,weekly,NA,NA,NA,2
W201113-2_035,W201113-2-35,2013,2,5,12,1,W201113-2,35,194,NA,weekly,NA,NA,NA,2
W201113-2_036,W201113-2-36,2013,2,5,12,1,W201113-2,36,210,NA,weekly,NA,NA,NA,2
W201113-2_037,W201113-2-37,2013,2,5,12,1,W201113-2,37,148,NA,weekly,NA,NA,NA,2
W201113-2_038,W201113-2-38,2013,2,5,12,1,W201113-2,38,200,NA,weekly,NA,NA,NA,2
W201113-2_039,W201113-2-39,2013,2,12,12,1,W201113-2,39,340,NA,weekly,NA,NA,NA,2
W201113-2_040,W201113-2-40,2013,2,12,12,1,W201113-2,40,516,NA,weekly,NA,NA,NA,2
W201113-2_041,W201113-2-41,2013,2,12,12,1,W201113-2,41,145.6,NA,weekly,NA,NA,NA,2
W201113-2_042,W201113-2-42,2013,2,12,12,1,W201113-2,42,163,NA,weekly,NA,NA,NA,2
W201113-2_043,W201113-2-43,2013,2,12,12,1,W201113-2,43,49.2,NA,weekly,NA,NA,NA,2
W201113-2_044,W201113-2-44,2013,2,12,12,1,W201113-2,44,346,NA,weekly,NA,NA,NA,2
W201113-2_045,W201113-2-45,2013,2,19,12,1,W201113-2,45,118,NA,weekly,NA,NA,NA,2
W201113-2_046,W201113-2-46,2013,2,19,12,1,W201113-2,46,181.2,NA,weekly,NA,NA,NA,2
W201113-2_047,W201113-2-47,2013,2,19,12,1,W201113-2,47,187.8,NA,weekly,NA,NA,NA,2
W201113-2_048,W201113-2-48,2013,2,19,12,1,W201113-2,48,162,NA,weekly,NA,NA,NA,2
W201113-2_049,W201113-2-49,2013,2,19,12,1,W201113-2,49,168,NA,weekly,NA,NA,NA,2
W201113-2_050,W201113-2-50,2013,2,19,12,1,W201113-2,50,358,NA,weekly,NA,NA,NA,2
W201113-2_051,W201113-2-51,2013,2,26,12,1,W201113-2,51,160,NA,weekly,NA,NA,NA,2
W201113-2_052,W201113-2-52,2013,2,26,12,1,W201113-2,52,286,NA,weekly,NA,NA,NA,2
W201113-2_053,W201113-2-53,2013,2,26,12,1,W201113-2,53,174,NA,weekly,NA,NA,NA,2
W201113-2_054,W201113-2-54,2013,2,26,12,1,W201113-2,54,250,NA,weekly,NA,NA,NA,2
W201113-2_055,W201113-2-55,2013,2,26,12,1,W201113-2,55,80,NA,weekly,NA,NA,NA,2
W201113-2_056,W201113-2-56,2013,2,26,12,1,W201113-2,56,324,NA,weekly,NA,NA,NA,2
W201113-2_057,W201113-2-57,2013,3,7,12,1,W201113-2,57,20.8,NA,weekly,NA,NA,NA,2
W201113-2_058,W201113-2-58,2013,3,7,12,1,W201113-2,58,352,NA,weekly,NA,NA,NA,2
W201113-2_059,W201113-2-59,2013,3,7,12,1,W201113-2,59,166,NA,weekly,NA,NA,NA,2
W201113-2_060,W201113-2-60,2013,3,7,12,1,W201113-2,60,430,NA,weekly,NA,NA,NA,2
W201113-2_061,W201113-2-61,2013,3,7,12,1,W201113-2,61,134,NA,weekly,NA,NA,NA,2
W201113-2_062,W201113-2-62,2013,3,7,12,1,W201113-2,62,190,NA,weekly,NA,NA,NA,2
W201113-2_063,W201113-2-63,2013,3,12,12,1,W201113-2,63,376,NA,weekly,NA,NA,NA,2
W201113-2_065,W201113-2-65,2013,3,12,12,1,W201113-2,65,216,NA,weekly,NA,NA,NA,2
W201113-2_066,W201113-2-66,2013,3,12,12,1,W201113-2,66,328,NA,weekly,NA,NA,NA,2
W201113-2_067,W201113-2-67,2013,3,12,12,1,W201113-2,67,188,NA,weekly,NA,NA,NA,2
W201113-2_068,W201113-2-68,2013,3,12,12,1,W201113-2,68,430,NA,weekly,NA,NA,NA,2
W201113-2_070,W201113-2-70,2013,3,19,12,1,W201113-2,70,258,NA,weekly,NA,NA,NA,2
W201113-2_071,W201113-2-71,2013,3,19,12,1,W201113-2,71,226,NA,weekly,NA,NA,NA,2
W201113-2_073,W201113-2-73,2013,3,19,12,1,W201113-2,73,286,NA,weekly,NA,NA,NA,2
W201113-2_074,W201113-2-74,2013,3,19,12,1,W201113-2,74,458,NA,weekly,NA,NA,NA,2
W201113-2_075,W201113-2-75,2013,3,26,12,1,W201113-2,75,196,NA,weekly,NA,NA,NA,2
W201113-2_076,W201113-2-76,2013,3,26,12,1,W201113-2,76,382,NA,weekly,NA,NA,NA,2
W201113-2_077,W201113-2-77,2013,3,26,12,1,W201113-2,77,200,NA,weekly,NA,NA,NA,2
W201113-2_078,W201113-2-78,2013,3,26,12,1,W201113-2,78,138,NA,weekly,NA,NA,NA,2
W201113-2_079,W201113-2-79,2013,3,26,12,1,W201113-2,79,136,NA,weekly,NA,NA,NA,2
W201113-2_080,W201113-2-80,2013,3,26,12,1,W201113-2,80,458,NA,weekly,NA,NA,NA,2
W201113-3_001,W201113-3-1,2013,4,2,12,1,W201113-3,1,106,NA,weekly,NA,NA,NA,2
W201113-3_002,W201113-3-2,2013,4,2,12,1,W201113-3,2,522,NA,weekly,NA,NA,NA,2
W201113-3_003,W201113-3-3,2013,4,2,12,1,W201113-3,3,142,NA,weekly,NA,NA,NA,2
W201113-3_004,W201113-3-4,2013,4,2,12,1,W201113-3,4,362,NA,weekly,NA,NA,NA,2
W201113-3_005,W201113-3-5,2013,4,2,12,1,W201113-3,5,396,NA,weekly,NA,NA,NA,2
W201113-3_006,W201113-3-6,2013,4,2,12,1,W201113-3,6,374,NA,weekly,NA,NA,NA,2
W201113-3_007,W201113-3-7,2013,4,9,12,1,W201113-3,7,458,NA,weekly,NA,NA,NA,2
W201113-3_008,W201113-3-8,2013,4,9,12,1,W201113-3,8,466,NA,weekly,NA,NA,NA,2
W201113-3_009,W201113-3-9,2013,4,9,12,1,W201113-3,9,466,NA,weekly,NA,NA,NA,2
W201113-3_010,W201113-3-10,2013,4,9,12,1,W201113-3,10,170,NA,weekly,NA,NA,NA,2
W201113-3_011,W201113-3-11,2013,4,9,12,1,W201113-3,11,428,NA,weekly,NA,NA,NA,2
W201113-3_012,W201113-3-12,2013,4,9,12,1,W201113-3,12,358,NA,weekly,NA,NA,NA,2
W201113-3_013,W201113-3-13,2013,4,16,12,1,W201113-3,13,450,NA,weekly,NA,NA,NA,2
W201113-3_014,W201113-3-14,2013,4,16,12,1,W201113-3,14,640,NA,weekly,NA,NA,NA,2
W201113-3_015,W201113-3-15,2013,4,16,12,1,W201113-3,15,162,NA,weekly,NA,NA,NA,2
W201113-3_016,W201113-3-16,2013,4,16,12,1,W201113-3,16,310,NA,weekly,NA,NA,NA,2
W201113-3_017,W201113-3-17,2013,4,16,12,1,W201113-3,17,536,NA,weekly,NA,NA,NA,2
W201113-3_018,W201113-3-18,2013,4,16,12,1,W201113-3,18,532,NA,weekly,NA,NA,NA,2
W201113-3_019,W201113-3-19,2013,4,23,12,1,W201113-3,19,504,NA,weekly,NA,NA,NA,2
W201113-3_020,W201113-3-20,2013,4,23,12,1,W201113-3,20,610,NA,weekly,NA,NA,NA,2
W201113-3_021,W201113-3-21,2013,4,23,12,1,W201113-3,21,522,NA,weekly,NA,NA,NA,2
W201113-3_022,W201113-3-22,2013,4,23,12,1,W201113-3,22,580,NA,weekly,NA,NA,NA,2
W201113-3_023,W201113-3-23,2013,4,23,12,1,W201113-3,23,26,NA,weekly,NA,NA,NA,2
W201113-3_024,W201113-3-24,2013,4,23,12,1,W201113-3,24,390,NA,weekly,NA,NA,NA,2
W201113-3_025,W201113-3-25,2013,4,30,12,1,W201113-3,25,450,NA,weekly,NA,NA,NA,2
W201113-3_026,W201113-3-26,2013,4,30,12,1,W201113-3,26,430,NA,weekly,NA,NA,NA,2
W201113-3_027,W201113-3-27,2013,4,30,12,1,W201113-3,27,592,NA,weekly,NA,NA,NA,2
W201113-3_028,W201113-3-28,2013,4,30,12,1,W201113-3,28,312,NA,weekly,NA,NA,NA,2
W201113-3_029,W201113-3-29,2013,4,30,12,1,W201113-3,29,140,NA,weekly,NA,NA,NA,2
W201113-3_030,W201113-3-30,2013,4,30,12,1,W201113-3,30,218,NA,weekly,NA,NA,NA,2
W201113-3_031,W201113-3-31,2013,5,7,12,1,W201113-3,31,526,NA,weekly,NA,NA,NA,2
W201113-3_032,W201113-3-32,2013,5,7,12,1,W201113-3,32,366,NA,weekly,NA,NA,NA,2
W201113-3_033,W201113-3-33,2013,5,7,12,1,W201113-3,33,378,NA,weekly,NA,NA,NA,2
W201113-3_034,W201113-3-34,2013,5,7,12,1,W201113-3,34,442,NA,weekly,NA,NA,NA,2
W201113-3_035,W201113-3-35,2013,5,7,12,1,W201113-3,35,156,NA,weekly,NA,NA,NA,2
W201113-3_036,W201113-3-36,2013,5,7,12,1,W201113-3,36,116,NA,weekly,NA,NA,NA,2
W201113-3_037,W201113-3-37,2013,5,13,12,1,W201113-3,37,426,NA,weekly,NA,NA,NA,2
W201113-3_038,W201113-3-38,2013,5,13,12,1,W201113-3,38,260,NA,weekly,NA,NA,NA,2
W201113-3_039,W201113-3-39,2013,5,13,12,1,W201113-3,39,374,NA,weekly,NA,NA,NA,2
W201113-3_040,W201113-3-40,2013,5,13,12,1,W201113-3,40,242,NA,weekly,NA,NA,NA,2
W201113-3_041,W201113-3-41,2013,5,13,12,1,W201113-3,41,110,NA,weekly,NA,NA,NA,2
W201113-3_042,W201113-3-42,2013,5,13,12,1,W201113-3,42,244,NA,weekly,NA,NA,NA,2
W201113-3_043,W201113-3-43,2013,5,21,12,1,W201113-3,43,132,NA,weekly,NA,NA,NA,2
W201113-3_044,W201113-3-44,2013,5,21,12,1,W201113-3,44,250,NA,weekly,NA,NA,NA,2
W201113-3_045,W201113-3-45,2013,5,21,12,1,W201113-3,45,200,NA,weekly,NA,NA,NA,2
W201113-3_046,W201113-3-46,2013,5,21,12,1,W201113-3,46,170,NA,weekly,NA,NA,NA,2
W201113-3_047,W201113-3-47,2013,5,21,12,1,W201113-3,47,89.4,NA,weekly,NA,NA,NA,2
W201113-3_048,W201113-3-48,2013,5,21,12,1,W201113-3,48,174,NA,weekly,NA,NA,NA,2
W201113-3_049,W201113-3-49,2013,5,28,12,1,W201113-3,49,304,NA,weekly,NA,NA,NA,2
W201113-3_050,W201113-3-50,2013,5,28,12,1,W201113-3,50,340,NA,weekly,NA,NA,NA,2
W201113-3_051,W201113-3-51,2013,5,28,12,1,W201113-3,51,152,NA,weekly,NA,NA,NA,2
W201113-3_052,W201113-3-52,2013,5,28,12,1,W201113-3,52,196,NA,weekly,NA,NA,NA,2
W201113-3_053,W201113-3-53,2013,5,28,12,1,W201113-3,53,130,NA,weekly,NA,NA,NA,2
W201113-3_054,W201113-3-54,2013,5,28,12,1,W201113-3,54,94.6,NA,weekly,NA,NA,NA,2
W201113-3_055,W201113-3-55,2013,6,4,12,1,W201113-3,55,494,NA,weekly,NA,NA,NA,2
W201113-3_056,W201113-3-56,2013,6,4,12,1,W201113-3,56,542,NA,weekly,NA,NA,NA,2
W201113-3_057,W201113-3-57,2013,6,4,12,1,W201113-3,57,84.6,NA,weekly,NA,NA,NA,2
W201113-3_058,W201113-3-58,2013,6,4,12,1,W201113-3,58,142,NA,weekly,NA,NA,NA,2
W201113-3_059,W201113-3-59,2013,6,4,12,1,W201113-3,59,88.4,NA,weekly,NA,NA,NA,2
W201113-3_060,W201113-3-60,2013,6,4,12,1,W201113-3,60,134,NA,weekly,NA,NA,NA,2
W201113-3_061,W201113-3-61,2013,6,11,12,1,W201113-3,61,290,NA,weekly,NA,NA,NA,2
W201113-3_062,W201113-3-62,2013,6,11,12,1,W201113-3,62,450,NA,weekly,NA,NA,NA,2
W201113-3_063,W201113-3-63,2013,6,11,12,1,W201113-3,63,340,NA,weekly,NA,NA,NA,2
W201113-3_064,W201113-3-64,2013,6,11,12,1,W201113-3,64,200,NA,weekly,NA,NA,NA,2
W201113-3_065,W201113-3-65,2013,6,11,12,1,W201113-3,65,99.2,NA,weekly,NA,NA,NA,2
W201113-3_066,W201113-3-66,2013,6,11,12,1,W201113-3,66,97,NA,weekly,NA,NA,NA,2
W201113-3_067,W201113-3-67,2013,6,19,12,1,W201113-3,67,248,NA,weekly,NA,NA,NA,2
W201113-3_068,W201113-3-68,2013,6,19,12,1,W201113-3,68,162,NA,weekly,NA,NA,NA,2
W201113-3_069,W201113-3-69,2013,6,19,12,1,W201113-3,69,156,NA,weekly,NA,NA,NA,2
W201113-3_070,W201113-3-70,2013,6,19,12,1,W201113-3,70,146,NA,weekly,NA,NA,NA,2
W201113-3_071,W201113-3-71,2013,6,19,12,1,W201113-3,71,75.8,NA,weekly,NA,NA,NA,2
W201113-3_072,W201113-3-72,2013,6,19,12,1,W201113-3,72,94.6,NA,weekly,NA,NA,NA,2
W201113-3_073,W201113-3-73,2013,6,26,12,1,W201113-3,73,234,NA,weekly,NA,NA,NA,2
W201113-3_074,W201113-3-74,2013,6,26,12,1,W201113-3,74,132,NA,weekly,NA,NA,NA,2
W201113-3_075,W201113-3-75,2013,6,26,12,1,W201113-3,75,118,NA,weekly,NA,NA,NA,2
W201113-3_076,W201113-3-76,2013,6,26,12,1,W201113-3,76,93.2,NA,weekly,NA,NA,NA,2
W201113-3_077,W201113-3-77,2013,6,26,12,1,W201113-3,77,50,NA,weekly,NA,NA,NA,2
W201113-3_078,W201113-3-78,2013,6,26,12,1,W201113-3,78,74,NA,weekly,NA,NA,NA,2